{
    "listTemplate1Metadata": {
        "type": "object",
        "objectId": "lt1Metadata",
        "backgroundImage": {
            "contentDescription": null,
            "smallSourceUrl": null,
            "largeSourceUrl": null,
            "sources": [
                {
                    "url": "https://s3.amazonaws.com/asl-for-families/ASL-for-Family-BKG.png",
                    "size": "small",
                    "widthPixels": 0,
                    "heightPixels": 0
                },
                {
                    "url": "https://s3.amazonaws.com/asl-for-families/ASL-for-Family-BKG.png",
                    "size": "large",
                    "widthPixels": 0,
                    "heightPixels": 0
                }
            ]
        },
        "title": "Learn Basic Words",
        "logoUrl": "https://s3.amazonaws.com/asl-for-families/logo.png"
    },
    "listTemplate1ListData": {
        "type": "list",
        "listId": "lt1Sample",
        "totalNumberOfItems": 10,
        "listPage": {
            "listItems": [
                {
                    "listItemIdentifier": "to-play",
                    "ordinalNumber": 1,
                    "textContent": {
                        "primaryText": {
                            "type": "PlainText",
                            "text": "To Play"
                        }
                    },
                    "image": {
                        "contentDescription": null,
                        "smallSourceUrl": null,
                        "largeSourceUrl": null,
                        "sources": [
                            {
                                "url": "https://s3.amazonaws.com/asl-for-families/word_3.png",
                                "size": "small",
                                "widthPixels": 0,
                                "heightPixels": 0
                            },
                            {
                                "url": "https://s3.amazonaws.com/asl-for-families/word_3.png",
                                "size": "large",
                                "widthPixels": 0,
                                "heightPixels": 0
                            }
                        ]
                    },
                    "token": "to-play"
                },
                {
                    "listItemIdentifier": "to-eat",
                    "ordinalNumber": 2,
                    "textContent": {
                        "primaryText": {
                            "type": "PlainText",
                            "text": "To Eat"
                        }
                    },
                    "image": {
                        "contentDescription": null,
                        "smallSourceUrl": null,
                        "largeSourceUrl": null,
                        "sources": [
                            {
                                "url": "https://s3.amazonaws.com/asl-for-families/word_3.png",
                                "size": "small",
                                "widthPixels": 0,
                                "heightPixels": 0
                            },
                            {
                                "url": "https://s3.amazonaws.com/asl-for-families/word_3.png",
                                "size": "large",
                                "widthPixels": 0,
                                "heightPixels": 0
                            }
                        ]
                    },
                    "token": "to-eat"
                },
                {
                    "listItemIdentifier": "to-sleep",
                    "ordinalNumber": 3,
                    "textContent": {
                        "primaryText": {
                            "type": "PlainText",
                            "text": "To Sleep"
                        }
                    },
                    "image": {
                        "contentDescription": null,
                        "smallSourceUrl": null,
                        "largeSourceUrl": null,
                        "sources": [
                            {
                                "url": "https://s3.amazonaws.com/asl-for-families/word_3.png",
                                "size": "small",
                                "widthPixels": 0,
                                "heightPixels": 0
                            },
                            {
                                "url": "https://s3.amazonaws.com/asl-for-families/word_3.png",
                                "size": "large",
                                "widthPixels": 0,
                                "heightPixels": 0
                            }
                        ]
                    },
                    "token": "to-sleep"
                },
                {
                    "listItemIdentifier": "bathroom",
                    "ordinalNumber": 4,
                    "textContent": {
                        "primaryText": {
                            "type": "PlainText",
                            "text": "Bathroom"
                        }
                    },
                    "image": {
                        "contentDescription": null,
                        "smallSourceUrl": null,
                        "largeSourceUrl": null,
                        "sources": [
                            {
                                "url": "https://s3.amazonaws.com/asl-for-families/word_3.png",
                                "size": "small",
                                "widthPixels": 0,
                                "heightPixels": 0
                            },
                            {
                                "url": "https://s3.amazonaws.com/asl-for-families/word_3.png",
                                "size": "large",
                                "widthPixels": 0,
                                "heightPixels": 0
                            }
                        ]
                    },
                    "token": "bathroom"
                },
                {
                    "listItemIdentifier": "to-drink",
                    "ordinalNumber": 5,
                    "textContent": {
                        "primaryText": {
                            "type": "PlainText",
                            "text": "To Drink"
                        }
                    },
                    "image": {
                        "contentDescription": null,
                        "smallSourceUrl": null,
                        "largeSourceUrl": null,
                        "sources": [
                            {
                                "url": "https://s3.amazonaws.com/asl-for-families/word_3.png",
                                "size": "small",
                                "widthPixels": 0,
                                "heightPixels": 0
                            },
                            {
                                "url": "https://s3.amazonaws.com/asl-for-families/word_3.png",
                                "size": "large",
                                "widthPixels": 0,
                                "heightPixels": 0
                            }
                        ]
                    },
                    "token": "to-drink"
                },
                {
                    "listItemIdentifier": "mom",
                    "ordinalNumber": 6,
                    "textContent": {
                        "primaryText": {
                            "type": "PlainText",
                            "text": "Mom"
                        }
                    },
                    "image": {
                        "contentDescription": null,
                        "smallSourceUrl": null,
                        "largeSourceUrl": null,
                        "sources": [
                            {
                                "url": "https://s3.amazonaws.com/asl-for-families/word_3.png",
                                "size": "small",
                                "widthPixels": 0,
                                "heightPixels": 0
                            },
                            {
                                "url": "https://s3.amazonaws.com/asl-for-families/word_3.pngg",
                                "size": "large",
                                "widthPixels": 0,
                                "heightPixels": 0
                            }
                        ]
                    },
                    "token": "mom"
                }
            ]
        }
    }
}