{
    "bodyTemplate2Data": {
        "type": "object",
        "objectId": "bt2Sample",
        "backgroundImage": {
            "contentDescription": null,
            "smallSourceUrl": null,
            "largeSourceUrl": null,
            "sources": [
                {
                    "url": "https://d2o906d8ln7ui1.cloudfront.net/images/BT2_Background.png",
                    "size": "small",
                    "widthPixels": 0,
                    "heightPixels": 0
                },
                {
                    "url": "https://d2o906d8ln7ui1.cloudfront.net/images/BT2_Background.png",
                    "size": "large",
                    "widthPixels": 0,
                    "heightPixels": 0
                }
            ]
        },
        "title": "Parmigiano Reggiano",
        "image": {
            "contentDescription": null,
            "smallSourceUrl": null,
            "largeSourceUrl": null,
            "sources": [
                {
                    "url": "https://d2o906d8ln7ui1.cloudfront.net/images/details_01.png",
                    "size": "small",
                    "widthPixels": 0,
                    "heightPixels": 0
                },
                {
                    "url": "https://d2o906d8ln7ui1.cloudfront.net/images/details_01.png",
                    "size": "large",
                    "widthPixels": 0,
                    "heightPixels": 0
                }
            ]
        },
        "textContent": {
            "title": {
                "type": "PlainText",
                "text": "Parmigiano Reggiano"
            },
            "subtitle": {
                "type": "PlainText",
                "text": "Country of origin: Italy"
            },
            "primaryText": {
                "type": "PlainText",
                "text": "Parmesan cheese is made from unpasteurized milk. It has a hard, gritty texture, and is fruity and nutty in taste."
            }
        },
        "logoUrl": "https://d2o906d8ln7ui1.cloudfront.net/images/cheeseskillicon.png",
        "hintText": "Try, \"Alexa, give me a fact about cheese\""
    }
}